{"cpu_time": 0.0, "wallclock_time": 0.006074666976928711, "evaluations": 0, "cost": 2147483648, "incumbent": {"hesbo_0": -0.48739999999999994, "hesbo_1": -0.6033999999999999, "hesbo_10": 0.04700000000000015, "hesbo_11": 0.13780000000000014, "hesbo_12": 0.3728, "hesbo_13": -0.6983999999999999, "hesbo_14": 0.36740000000000017, "hesbo_15": 0.7842, "hesbo_2": 0.2278, "hesbo_3": 0.8102, "hesbo_4": -0.4346, "hesbo_5": 0.059800000000000075, "hesbo_6": -0.6788, "hesbo_7": -0.24759999999999993, "hesbo_8": -0.25139999999999996, "hesbo_9": 0.4192}, "budget": 0, "origin": "LHD"}
{"cpu_time": 0.0027015209197998047, "wallclock_time": 0.012507200241088867, "evaluations": 1, "cost": -0.7259979853504515, "incumbent": {"hesbo_0": -0.48739999999999994, "hesbo_1": -0.6033999999999999, "hesbo_10": 0.04700000000000015, "hesbo_11": 0.13780000000000014, "hesbo_12": 0.3728, "hesbo_13": -0.6983999999999999, "hesbo_14": 0.36740000000000017, "hesbo_15": 0.7842, "hesbo_2": 0.2278, "hesbo_3": 0.8102, "hesbo_4": -0.4346, "hesbo_5": 0.059800000000000075, "hesbo_6": -0.6788, "hesbo_7": -0.24759999999999993, "hesbo_8": -0.25139999999999996, "hesbo_9": 0.4192}, "budget": 0, "origin": "LHD"}
{"cpu_time": 0.03379011154174805, "wallclock_time": 0.04896235466003418, "evaluations": 2, "cost": -0.9700199890883123, "incumbent": {"hesbo_0": 0.19199999999999995, "hesbo_1": -0.9388, "hesbo_10": 0.4890000000000001, "hesbo_11": 0.9890000000000001, "hesbo_12": 0.7910000000000001, "hesbo_13": 0.31720000000000015, "hesbo_14": -0.9036, "hesbo_15": 0.8088000000000002, "hesbo_2": -0.9998, "hesbo_3": 0.5302, "hesbo_4": 0.4266000000000001, "hesbo_5": -0.23919999999999997, "hesbo_6": 0.4014, "hesbo_7": 0.48560000000000003, "hesbo_8": 0.04500000000000015, "hesbo_9": 0.8434000000000001}, "budget": 0, "origin": "LHD"}
{"cpu_time": 0.12473440170288086, "wallclock_time": 0.18662500381469727, "evaluations": 11, "cost": -0.9913465087318091, "incumbent": {"hesbo_0": -0.9862, "hesbo_1": -0.29479999999999995, "hesbo_10": -0.9698, "hesbo_11": 0.25839999999999996, "hesbo_12": 0.9044000000000001, "hesbo_13": -0.9562, "hesbo_14": 0.8456000000000001, "hesbo_15": -0.4534, "hesbo_2": -0.4598, "hesbo_3": 0.6162000000000001, "hesbo_4": 0.615, "hesbo_5": -0.5573999999999999, "hesbo_6": -0.17379999999999995, "hesbo_7": -0.491, "hesbo_8": 0.42100000000000004, "hesbo_9": 0.21199999999999997}, "budget": 0, "origin": "LHD"}
